Workbook

Sheet 概要
A1: GitHub Copilot 生産性向上検証 ― FXポジション集計バッチ
A4: 検証目的 | B4: GitHub Copilotの導入により、Javaバッチ開発・保守作業の工数削減効果と品質への影響を定量・定性の両面で評価し、導入可否を判断する。
A5: 対象システム | B5: FXポジション集計バッチ（JBPOS1000 / JBPOS1100） Java（Terasoluna / Spring Batch）、MyBatis、Oracle、起動シェル
A6: 検証期間 | B6: 2026/10/01 〜 2026/10/31（4週間、初週は慣れ期間として集計対象外）
A7: 対象者 | B7: 開発担当 3名（担当A・B・C）
A8: 比較方法 | B8: 同種タスクを「Copilotあり／なし」で実施し、実効時間（作業時間＋手戻り時間）を比較。可能な限り同一担当者で両方を実施し、個人差の影響を抑える。
A9: 評価指標 | B9: 【定量】実効時間・削減率、レビュー指摘数、後工程バグ数、提案採用率 【定性】開発者アンケート（5段階評価＋自由記述）
A10: 判定基準 | B10: 「評価・結論」シートの目標値をすべて満たした場合に展開推奨とする。
A12: シート構成
A13: 対象タスク | B13: 検証対象とする作業の定義と、Copilotの活用ポイント
A14: 計測記録 | B14: タスクごとの実績を記録する入力シート（黄色セルに入力）
A15: 集計 | B15: あり／なしの平均時間・削減率・品質指標を自動集計（グラフ付き）
A16: アンケート | B16: 開発者による定性評価（5段階）
A17: 費用対効果 | B17: 削減時間とライセンス費用から月間・年間効果を試算
A18: セキュリティ確認 | B18: 金融機関として導入前に確認すべき項目のチェックリスト
A19: 評価・結論 | B19: 目標値に対する達成判定と次のステップ
A21: 凡例
A22: 入力値 | B22: 黄色背景・青字：利用者が入力・変更するセル
A23: 計算式 | B23: 灰色背景・黒字：自動計算（編集不要）
A24: 他シート参照 | B24: 緑字：他シートの値を参照
A25: 合計・結論 | B25: 青背景：合計行・見出し
A27: ※ 計測記録・アンケート・セキュリティ確認に入っている値はすべて記入例（ダミー）です。実測値に置き換えてください。

Sheet 対象タスク
A1: 検証対象タスク定義
A2: ※ タスクIDは「計測記録」「集計」で参照されます。追加する場合は集計シートの行も追加してください。
A4: タスクID | B4: 作業区分 | C4: タスク内容 | D4: 対象（例） | E4: Copilot活用ポイント | F4: 期待効果
A5: T01 | B5: 新規実装 | C5: 集計Tasklet作成（通貨ペア別ポジション集計） | D5: JBPOS1100 集計Tasklet | E5: 定型処理・ループ・null判定の補完 | F5: 中
A6: T02 | B6: SQL | C6: MyBatisマッパー作成（集計SQL・resultMap） | D6: Mapper XML / DTO | E6: resultMap・DTOのgetter/setter生成 | F6: 高
A7: T03 | B7: テスト | C7: JUnit単体テスト作成（境界値・0件・端数処理） | D7: 集計ロジックのテストクラス | E7: テストケース・テストデータの生成 | F7: 高
A8: T04 | B8: 解析 | C8: 既存コード解析・処理概要書作成 | D8: JBPOS1000 既存クラス | E8: コードの説明・コメント生成 | F8: 高
A9: T05 | B9: リファクタリング | C9: 大規模メソッドの分割・命名整理 | D9: SwapSummary 等 | E9: 分割案の提示・重複コードの整理 | F9: 中
A10: T06 | B10: シェル | C10: バッチ起動シェル作成（リターンコード・ログ出力） | D10: 起動シェル | E10: 定型処理・エラーハンドリングの補完 | F10: 高
A11: T07 | B11: 障害調査 | C11: ログ・Oracleエラーの原因調査 | D11: ログ・調査SQL | E11: エラーの解説・調査SQLの作成 | F11: 中
A12: T08 | B12: ドキュメント | C12: 移行マッピング表作成 | D12: JBPOS1000→JBPOS1100 | E12: 差分の整理・説明文の作成 | F12: 中

Sheet 計測記録
A1: 計測記録（タスク実績ログ）
A2: 黄色セルに入力。作業区分・実効時間は自動計算。記入例（ダミー）20行を入れています。実効時間＝作業時間＋手戻り時間。
A4: No | B4: 実施日 | C4: 担当者 | D4: タスクID | E4: 作業区分 | F4: Copilot | G4: 作業時間(h) | H4: 手戻り時間(h) | I4: 実効時間(h) | J4: 提案採用率 | K4: レビュー指摘数 | L4: 後工程バグ数 | M4: 備考
A5: 1 | B5: 2026-10-08 | C5: 担当A | D5: T01 | E5: =IF(D5="","",IFERROR(INDEX(対象タスク!$B$5:$B$12,MATCH(D5,対象タスク!$A$5:$A$12,0)),"未定義")) -> 新規実装 | F5: なし | G5: 6 | H5: 0.5 | I5: =IF(G5="","",G5+N(H5)) -> 6.5 | K5: 3 | L5: 0
A6: 2 | B6: 2026-10-09 | C6: 担当A | D6: T01 | E6: =IF(D6="","",IFERROR(INDEX(対象タスク!$B$5:$B$12,MATCH(D6,対象タスク!$A$5:$A$12,0)),"未定義")) -> 新規実装 | F6: あり | G6: 4.5 | H6: 0.5 | I6: =IF(G6="","",G6+N(H6)) -> 5 | J6: 0.3 | K6: 3 | L6: 0 | M6: 定型処理の補完が有効
A7: 3 | B7: 2026-10-08 | C7: 担当B | D7: T02 | E7: =IF(D7="","",IFERROR(INDEX(対象タスク!$B$5:$B$12,MATCH(D7,対象タスク!$A$5:$A$12,0)),"未定義")) -> SQL | F7: なし | G7: 3 | H7: 0.3 | I7: =IF(G7="","",G7+N(H7)) -> 3.3 | K7: 2 | L7: 0
A8: 4 | B8: 2026-10-09 | C8: 担当B | D8: T02 | E8: =IF(D8="","",IFERROR(INDEX(対象タスク!$B$5:$B$12,MATCH(D8,対象タスク!$A$5:$A$12,0)),"未定義")) -> SQL | F8: あり | G8: 1.8 | H8: 0.3 | I8: =IF(G8="","",G8+N(H8)) -> 2.1 | J8: 0.45 | K8: 2 | L8: 0 | M8: resultMap生成が速い
A9: 5 | B9: 2026-10-10 | C9: 担当C | D9: T03 | E9: =IF(D9="","",IFERROR(INDEX(対象タスク!$B$5:$B$12,MATCH(D9,対象タスク!$A$5:$A$12,0)),"未定義")) -> テスト | F9: なし | G9: 5 | H9: 0.5 | I9: =IF(G9="","",G9+N(H9)) -> 5.5 | K9: 1 | L9: 0
A10: 6 | B10: 2026-10-13 | C10: 担当C | D10: T03 | E10: =IF(D10="","",IFERROR(INDEX(対象タスク!$B$5:$B$12,MATCH(D10,対象タスク!$A$5:$A$12,0)),"未定義")) -> テスト | F10: あり | G10: 2.8 | H10: 0.4 | I10: =IF(G10="","",G10+N(H10)) -> 3.2 | J10: 0.5 | K10: 2 | L10: 0 | M10: 境界値ケースの洗い出しに有効
A11: 7 | B11: 2026-10-10 | C11: 担当A | D11: T04 | E11: =IF(D11="","",IFERROR(INDEX(対象タスク!$B$5:$B$12,MATCH(D11,対象タスク!$A$5:$A$12,0)),"未定義")) -> 解析 | F11: なし | G11: 4 | H11: 0 | I11: =IF(G11="","",G11+N(H11)) -> 4 | K11: 0 | L11: 0
A12: 8 | B12: 2026-10-13 | C12: 担当A | D12: T04 | E12: =IF(D12="","",IFERROR(INDEX(対象タスク!$B$5:$B$12,MATCH(D12,対象タスク!$A$5:$A$12,0)),"未定義")) -> 解析 | F12: あり | G12: 2.5 | H12: 0 | I12: =IF(G12="","",G12+N(H12)) -> 2.5 | J12: 0.4 | K12: 0 | L12: 0 | M12: コード説明機能を利用
A13: 9 | B13: 2026-10-14 | C13: 担当B | D13: T05 | E13: =IF(D13="","",IFERROR(INDEX(対象タスク!$B$5:$B$12,MATCH(D13,対象タスク!$A$5:$A$12,0)),"未定義")) -> リファクタリング | F13: なし | G13: 5 | H13: 0.5 | I13: =IF(G13="","",G13+N(H13)) -> 5.5 | K13: 2 | L13: 0
A14: 10 | B14: 2026-10-15 | C14: 担当B | D14: T05 | E14: =IF(D14="","",IFERROR(INDEX(対象タスク!$B$5:$B$12,MATCH(D14,対象タスク!$A$5:$A$12,0)),"未定義")) -> リファクタリング | F14: あり | G14: 3.8 | H14: 1 | I14: =IF(G14="","",G14+N(H14)) -> 4.8 | J14: 0.25 | K14: 3 | L14: 1 | M14: 提案の修正に時間を要した
A15: 11 | B15: 2026-10-14 | C15: 担当C | D15: T06 | E15: =IF(D15="","",IFERROR(INDEX(対象タスク!$B$5:$B$12,MATCH(D15,対象タスク!$A$5:$A$12,0)),"未定義")) -> シェル | F15: なし | G15: 2 | H15: 0.2 | I15: =IF(G15="","",G15+N(H15)) -> 2.2 | K15: 1 | L15: 0
A16: 12 | B16: 2026-10-15 | C16: 担当C | D16: T06 | E16: =IF(D16="","",IFERROR(INDEX(対象タスク!$B$5:$B$12,MATCH(D16,対象タスク!$A$5:$A$12,0)),"未定義")) -> シェル | F16: あり | G16: 1.2 | H16: 0.2 | I16: =IF(G16="","",G16+N(H16)) -> 1.4 | J16: 0.55 | K16: 1 | L16: 0
A17: 13 | B17: 2026-10-16 | C17: 担当A | D17: T07 | E17: =IF(D17="","",IFERROR(INDEX(対象タスク!$B$5:$B$12,MATCH(D17,対象タスク!$A$5:$A$12,0)),"未定義")) -> 障害調査 | F17: なし | G17: 3 | H17: 0 | I17: =IF(G17="","",G17+N(H17)) -> 3 | K17: 0 | L17: 0
A18: 14 | B18: 2026-10-17 | C18: 担当A | D18: T07 | E18: =IF(D18="","",IFERROR(INDEX(対象タスク!$B$5:$B$12,MATCH(D18,対象タスク!$A$5:$A$12,0)),"未定義")) -> 障害調査 | F18: あり | G18: 3.2 | H18: 0 | I18: =IF(G18="","",G18+N(H18)) -> 3.2 | J18: 0.15 | K18: 0 | L18: 0 | M18: 環境固有の事象で効果薄
A19: 15 | B19: 2026-10-16 | C19: 担当B | D19: T08 | E19: =IF(D19="","",IFERROR(INDEX(対象タスク!$B$5:$B$12,MATCH(D19,対象タスク!$A$5:$A$12,0)),"未定義")) -> ドキュメント | F19: なし | G19: 4 | H19: 0 | I19: =IF(G19="","",G19+N(H19)) -> 4 | K19: 1 | L19: 0
A20: 16 | B20: 2026-10-17 | C20: 担当B | D20: T08 | E20: =IF(D20="","",IFERROR(INDEX(対象タスク!$B$5:$B$12,MATCH(D20,対象タスク!$A$5:$A$12,0)),"未定義")) -> ドキュメント | F20: あり | G20: 3 | H20: 0 | I20: =IF(G20="","",G20+N(H20)) -> 3 | J20: 0.35 | K20: 1 | L20: 0
A21: 17 | B21: 2026-10-20 | C21: 担当A | D21: T02 | E21: =IF(D21="","",IFERROR(INDEX(対象タスク!$B$5:$B$12,MATCH(D21,対象タスク!$A$5:$A$12,0)),"未定義")) -> SQL | F21: なし | G21: 2.5 | H21: 0.2 | I21: =IF(G21="","",G21+N(H21)) -> 2.7 | K21: 1 | L21: 0
A22: 18 | B22: 2026-10-21 | C22: 担当A | D22: T02 | E22: =IF(D22="","",IFERROR(INDEX(対象タスク!$B$5:$B$12,MATCH(D22,対象タスク!$A$5:$A$12,0)),"未定義")) -> SQL | F22: あり | G22: 1.6 | H22: 0.2 | I22: =IF(G22="","",G22+N(H22)) -> 1.8 | J22: 0.4 | K22: 1 | L22: 0
A23: 19 | B23: 2026-10-20 | C23: 担当B | D23: T03 | E23: =IF(D23="","",IFERROR(INDEX(対象タスク!$B$5:$B$12,MATCH(D23,対象タスク!$A$5:$A$12,0)),"未定義")) -> テスト | F23: なし | G23: 4.5 | H23: 0.4 | I23: =IF(G23="","",G23+N(H23)) -> 4.9 | K23: 2 | L23: 1
A24: 20 | B24: 2026-10-21 | C24: 担当B | D24: T03 | E24: =IF(D24="","",IFERROR(INDEX(対象タスク!$B$5:$B$12,MATCH(D24,対象タスク!$A$5:$A$12,0)),"未定義")) -> テスト | F24: あり | G24: 2.6 | H24: 0.3 | I24: =IF(G24="","",G24+N(H24)) -> 2.9 | J24: 0.45 | K24: 1 | L24: 0
A25: 21 | E25: =IF(D25="","",IFERROR(INDEX(対象タスク!$B$5:$B$12,MATCH(D25,対象タスク!$A$5:$A$12,0)),"未定義")) | I25: =IF(G25="","",G25+N(H25))
A26: 22 | E26: =IF(D26="","",IFERROR(INDEX(対象タスク!$B$5:$B$12,MATCH(D26,対象タスク!$A$5:$A$12,0)),"未定義")) | I26: =IF(G26="","",G26+N(H26))
A27: 23 | E27: =IF(D27="","",IFERROR(INDEX(対象タスク!$B$5:$B$12,MATCH(D27,対象タスク!$A$5:$A$12,0)),"未定義")) | I27: =IF(G27="","",G27+N(H27))
A28: 24 | E28: =IF(D28="","",IFERROR(INDEX(対象タスク!$B$5:$B$12,MATCH(D28,対象タスク!$A$5:$A$12,0)),"未定義")) | I28: =IF(G28="","",G28+N(H28))
A29: 25 | E29: =IF(D29="","",IFERROR(INDEX(対象タスク!$B$5:$B$12,MATCH(D29,対象タスク!$A$5:$A$12,0)),"未定義")) | I29: =IF(G29="","",G29+N(H29))
A30: 26 | E30: =IF(D30="","",IFERROR(INDEX(対象タスク!$B$5:$B$12,MATCH(D30,対象タスク!$A$5:$A$12,0)),"未定義")) | I30: =IF(G30="","",G30+N(H30))
A31: 27 | E31: =IF(D31="","",IFERROR(INDEX(対象タスク!$B$5:$B$12,MATCH(D31,対象タスク!$A$5:$A$12,0)),"未定義")) | I31: =IF(G31="","",G31+N(H31))
A32: 28 | E32: =IF(D32="","",IFERROR(INDEX(対象タスク!$B$5:$B$12,MATCH(D32,対象タスク!$A$5:$A$12,0)),"未定義")) | I32: =IF(G32="","",G32+N(H32))
A33: 29 | E33: =IF(D33="","",IFERROR(INDEX(対象タスク!$B$5:$B$12,MATCH(D33,対象タスク!$A$5:$A$12,0)),"未定義")) | I33: =IF(G33="","",G33+N(H33))
A34: 30 | E34: =IF(D34="","",IFERROR(INDEX(対象タスク!$B$5:$B$12,MATCH(D34,対象タスク!$A$5:$A$12,0)),"未定義")) | I34: =IF(G34="","",G34+N(H34))
A35: 31 | E35: =IF(D35="","",IFERROR(INDEX(対象タスク!$B$5:$B$12,MATCH(D35,対象タスク!$A$5:$A$12,0)),"未定義")) | I35: =IF(G35="","",G35+N(H35))
A36: 32 | E36: =IF(D36="","",IFERROR(INDEX(対象タスク!$B$5:$B$12,MATCH(D36,対象タスク!$A$5:$A$12,0)),"未定義")) | I36: =IF(G36="","",G36+N(H36))
... A104: 100 | E104: =IF(D104="","",IFERROR(INDEX(対象タスク!$B$5:$B$12,MATCH(D104,対象タスク!$A$5:$A$12,0)),"未定義")) | I104: =IF(G104="","",G104+N(H104))

Sheet 集計
A1: 集計結果（Copilotあり／なし比較）
A2: 計測記録から自動集計。全体の削減率は「あり・なし両方の実績があるタスク」の平均実効時間の合計で算出。
A4: タスクID | B4: 作業区分 | C4: 件数 (なし) | D4: 件数 (あり) | E4: 平均実効時間 なし(h) | F4: 平均実効時間 あり(h) | G4: 削減時間 (h) | H4: 削減率 | I4: 平均指摘数 なし | J4: 平均指摘数 あり | K4: バグ数計 なし | L4: バグ数計 あり | M4: 比較可 (1/0)
A5: =対象タスク!A5 -> T01 | B5: =対象タスク!B5 -> 新規実装 | C5: =COUNTIFS(計測記録!$D$5:$D$104,$A5,計測記録!$F$5:$F$104,"なし",計測記録!$G$5:$G$104,"<>") -> 1 | D5: =COUNTIFS(計測記録!$D$5:$D$104,$A5,計測記録!$F$5:$F$104,"あり",計測記録!$G$5:$G$104,"<>") -> 1 | E5: =IFERROR(AVERAGEIFS(計測記録!$I$5:$I$104,計測記録!$D$5:$D$104,$A5,計測記録!$F$5:$F$104,"なし"),0) -> 6.5 | F5: =IFERROR(AVERAGEIFS(計測記録!$I$5:$I$104,計測記録!$D$5:$D$104,$A5,計測記録!$F$5:$F$104,"あり"),0) -> 5 | G5: =IF(M5=1,E5-F5,"") -> 1.5 | H5: =IF(AND(M5=1,E5>0),G5/E5,"") -> 0.23076923 | I5: =IFERROR(AVERAGEIFS(計測記録!$K$5:$K$104,計測記録!$D$5:$D$104,$A5,計測記録!$F$5:$F$104,"なし"),0) -> 3 | J5: =IFERROR(AVERAGEIFS(計測記録!$K$5:$K$104,計測記録!$D$5:$D$104,$A5,計測記録!$F$5:$F$104,"あり"),0) -> 3 | K5: =SUMIFS(計測記録!$L$5:$L$104,計測記録!$D$5:$D$104,$A5,計測記録!$F$5:$F$104,"なし") -> 0 | L5: =SUMIFS(計測記録!$L$5:$L$104,計測記録!$D$5:$D$104,$A5,計測記録!$F$5:$F$104,"あり") -> 0 | M5: =IF(AND(C5>0,D5>0),1,0) -> 1
A6: =対象タスク!A6 -> T02 | B6: =対象タスク!B6 -> SQL | C6: =COUNTIFS(計測記録!$D$5:$D$104,$A6,計測記録!$F$5:$F$104,"なし",計測記録!$G$5:$G$104,"<>") -> 2 | D6: =COUNTIFS(計測記録!$D$5:$D$104,$A6,計測記録!$F$5:$F$104,"あり",計測記録!$G$5:$G$104,"<>") -> 2 | E6: =IFERROR(AVERAGEIFS(計測記録!$I$5:$I$104,計測記録!$D$5:$D$104,$A6,計測記録!$F$5:$F$104,"なし"),0) -> 3 | F6: =IFERROR(AVERAGEIFS(計測記録!$I$5:$I$104,計測記録!$D$5:$D$104,$A6,計測記録!$F$5:$F$104,"あり"),0) -> 1.95 | G6: =IF(M6=1,E6-F6,"") -> 1.05 | H6: =IF(AND(M6=1,E6>0),G6/E6,"") -> 0.35 | I6: =IFERROR(AVERAGEIFS(計測記録!$K$5:$K$104,計測記録!$D$5:$D$104,$A6,計測記録!$F$5:$F$104,"なし"),0) -> 1.5 | J6: =IFERROR(AVERAGEIFS(計測記録!$K$5:$K$104,計測記録!$D$5:$D$104,$A6,計測記録!$F$5:$F$104,"あり"),0) -> 1.5 | K6: =SUMIFS(計測記録!$L$5:$L$104,計測記録!$D$5:$D$104,$A6,計測記録!$F$5:$F$104,"なし") -> 0 | L6: =SUMIFS(計測記録!$L$5:$L$104,計測記録!$D$5:$D$104,$A6,計測記録!$F$5:$F$104,"あり") -> 0 | M6: =IF(AND(C6>0,D6>0),1,0) -> 1
A7: =対象タスク!A7 -> T03 | B7: =対象タスク!B7 -> テスト | C7: =COUNTIFS(計測記録!$D$5:$D$104,$A7,計測記録!$F$5:$F$104,"なし",計測記録!$G$5:$G$104,"<>") -> 2 | D7: =COUNTIFS(計測記録!$D$5:$D$104,$A7,計測記録!$F$5:$F$104,"あり",計測記録!$G$5:$G$104,"<>") -> 2 | E7: =IFERROR(AVERAGEIFS(計測記録!$I$5:$I$104,計測記録!$D$5:$D$104,$A7,計測記録!$F$5:$F$104,"なし"),0) -> 5.2 | F7: =IFERROR(AVERAGEIFS(計測記録!$I$5:$I$104,計測記録!$D$5:$D$104,$A7,計測記録!$F$5:$F$104,"あり"),0) -> 3.05 | G7: =IF(M7=1,E7-F7,"") -> 2.15 | H7: =IF(AND(M7=1,E7>0),G7/E7,"") -> 0.41346154 | I7: =IFERROR(AVERAGEIFS(計測記録!$K$5:$K$104,計測記録!$D$5:$D$104,$A7,計測記録!$F$5:$F$104,"なし"),0) -> 1.5 | J7: =IFERROR(AVERAGEIFS(計測記録!$K$5:$K$104,計測記録!$D$5:$D$104,$A7,計測記録!$F$5:$F$104,"あり"),0) -> 1.5 | K7: =SUMIFS(計測記録!$L$5:$L$104,計測記録!$D$5:$D$104,$A7,計測記録!$F$5:$F$104,"なし") -> 1 | L7: =SUMIFS(計測記録!$L$5:$L$104,計測記録!$D$5:$D$104,$A7,計測記録!$F$5:$F$104,"あり") -> 0 | M7: =IF(AND(C7>0,D7>0),1,0) -> 1
A8: =対象タスク!A8 -> T04 | B8: =対象タスク!B8 -> 解析 | C8: =COUNTIFS(計測記録!$D$5:$D$104,$A8,計測記録!$F$5:$F$104,"なし",計測記録!$G$5:$G$104,"<>") -> 1 | D8: =COUNTIFS(計測記録!$D$5:$D$104,$A8,計測記録!$F$5:$F$104,"あり",計測記録!$G$5:$G$104,"<>") -> 1 | E8: =IFERROR(AVERAGEIFS(計測記録!$I$5:$I$104,計測記録!$D$5:$D$104,$A8,計測記録!$F$5:$F$104,"なし"),0) -> 4 | F8: =IFERROR(AVERAGEIFS(計測記録!$I$5:$I$104,計測記録!$D$5:$D$104,$A8,計測記録!$F$5:$F$104,"あり"),0) -> 2.5 | G8: =IF(M8=1,E8-F8,"") -> 1.5 | H8: =IF(AND(M8=1,E8>0),G8/E8,"") -> 0.375 | I8: =IFERROR(AVERAGEIFS(計測記録!$K$5:$K$104,計測記録!$D$5:$D$104,$A8,計測記録!$F$5:$F$104,"なし"),0) -> 0 | J8: =IFERROR(AVERAGEIFS(計測記録!$K$5:$K$104,計測記録!$D$5:$D$104,$A8,計測記録!$F$5:$F$104,"あり"),0) -> 0 | K8: =SUMIFS(計測記録!$L$5:$L$104,計測記録!$D$5:$D$104,$A8,計測記録!$F$5:$F$104,"なし") -> 0 | L8: =SUMIFS(計測記録!$L$5:$L$104,計測記録!$D$5:$D$104,$A8,計測記録!$F$5:$F$104,"あり") -> 0 | M8: =IF(AND(C8>0,D8>0),1,0) -> 1
A9: =対象タスク!A9 -> T05 | B9: =対象タスク!B9 -> リファクタリング | C9: =COUNTIFS(計測記録!$D$5:$D$104,$A9,計測記録!$F$5:$F$104,"なし",計測記録!$G$5:$G$104,"<>") -> 1 | D9: =COUNTIFS(計測記録!$D$5:$D$104,$A9,計測記録!$F$5:$F$104,"あり",計測記録!$G$5:$G$104,"<>") -> 1 | E9: =IFERROR(AVERAGEIFS(計測記録!$I$5:$I$104,計測記録!$D$5:$D$104,$A9,計測記録!$F$5:$F$104,"なし"),0) -> 5.5 | F9: =IFERROR(AVERAGEIFS(計測記録!$I$5:$I$104,計測記録!$D$5:$D$104,$A9,計測記録!$F$5:$F$104,"あり"),0) -> 4.8 | G9: =IF(M9=1,E9-F9,"") -> 0.7 | H9: =IF(AND(M9=1,E9>0),G9/E9,"") -> 0.12727273 | I9: =IFERROR(AVERAGEIFS(計測記録!$K$5:$K$104,計測記録!$D$5:$D$104,$A9,計測記録!$F$5:$F$104,"なし"),0) -> 2 | J9: =IFERROR(AVERAGEIFS(計測記録!$K$5:$K$104,計測記録!$D$5:$D$104,$A9,計測記録!$F$5:$F$104,"あり"),0) -> 3 | K9: =SUMIFS(計測記録!$L$5:$L$104,計測記録!$D$5:$D$104,$A9,計測記録!$F$5:$F$104,"なし") -> 0 | L9: =SUMIFS(計測記録!$L$5:$L$104,計測記録!$D$5:$D$104,$A9,計測記録!$F$5:$F$104,"あり") -> 1 | M9: =IF(AND(C9>0,D9>0),1,0) -> 1
A10: =対象タスク!A10 -> T06 | B10: =対象タスク!B10 -> シェル | C10: =COUNTIFS(計測記録!$D$5:$D$104,$A10,計測記録!$F$5:$F$104,"なし",計測記録!$G$5:$G$104,"<>") -> 1 | D10: =COUNTIFS(計測記録!$D$5:$D$104,$A10,計測記録!$F$5:$F$104,"あり",計測記録!$G$5:$G$104,"<>") -> 1 | E10: =IFERROR(AVERAGEIFS(計測記録!$I$5:$I$104,計測記録!$D$5:$D$104,$A10,計測記録!$F$5:$F$104,"なし"),0) -> 2.2 | F10: =IFERROR(AVERAGEIFS(計測記録!$I$5:$I$104,計測記録!$D$5:$D$104,$A10,計測記録!$F$5:$F$104,"あり"),0) -> 1.4 | G10: =IF(M10=1,E10-F10,"") -> 0.8 | H10: =IF(AND(M10=1,E10>0),G10/E10,"") -> 0.36363636 | I10: =IFERROR(AVERAGEIFS(計測記録!$K$5:$K$104,計測記録!$D$5:$D$104,$A10,計測記録!$F$5:$F$104,"なし"),0) -> 1 | J10: =IFERROR(AVERAGEIFS(計測記録!$K$5:$K$104,計測記録!$D$5:$D$104,$A10,計測記録!$F$5:$F$104,"あり"),0) -> 1 | K10: =SUMIFS(計測記録!$L$5:$L$104,計測記録!$D$5:$D$104,$A10,計測記録!$F$5:$F$104,"なし") -> 0 | L10: =SUMIFS(計測記録!$L$5:$L$104,計測記録!$D$5:$D$104,$A10,計測記録!$F$5:$F$104,"あり") -> 0 | M10: =IF(AND(C10>0,D10>0),1,0) -> 1
A11: =対象タスク!A11 -> T07 | B11: =対象タスク!B11 -> 障害調査 | C11: =COUNTIFS(計測記録!$D$5:$D$104,$A11,計測記録!$F$5:$F$104,"なし",計測記録!$G$5:$G$104,"<>") -> 1 | D11: =COUNTIFS(計測記録!$D$5:$D$104,$A11,計測記録!$F$5:$F$104,"あり",計測記録!$G$5:$G$104,"<>") -> 1 | E11: =IFERROR(AVERAGEIFS(計測記録!$I$5:$I$104,計測記録!$D$5:$D$104,$A11,計測記録!$F$5:$F$104,"なし"),0) -> 3 | F11: =IFERROR(AVERAGEIFS(計測記録!$I$5:$I$104,計測記録!$D$5:$D$104,$A11,計測記録!$F$5:$F$104,"あり"),0) -> 3.2 | G11: =IF(M11=1,E11-F11,"") -> -0.2 | H11: =IF(AND(M11=1,E11>0),G11/E11,"") -> -0.066666667 | I11: =IFERROR(AVERAGEIFS(計測記録!$K$5:$K$104,計測記録!$D$5:$D$104,$A11,計測記録!$F$5:$F$104,"なし"),0) -> 0 | J11: =IFERROR(AVERAGEIFS(計測記録!$K$5:$K$104,計測記録!$D$5:$D$104,$A11,計測記録!$F$5:$F$104,"あり"),0) -> 0 | K11: =SUMIFS(計測記録!$L$5:$L$104,計測記録!$D$5:$D$104,$A11,計測記録!$F$5:$F$104,"なし") -> 0 | L11: =SUMIFS(計測記録!$L$5:$L$104,計測記録!$D$5:$D$104,$A11,計測記録!$F$5:$F$104,"あり") -> 0 | M11: =IF(AND(C11>0,D11>0),1,0) -> 1
A12: =対象タスク!A12 -> T08 | B12: =対象タスク!B12 -> ドキュメント | C12: =COUNTIFS(計測記録!$D$5:$D$104,$A12,計測記録!$F$5:$F$104,"なし",計測記録!$G$5:$G$104,"<>") -> 1 | D12: =COUNTIFS(計測記録!$D$5:$D$104,$A12,計測記録!$F$5:$F$104,"あり",計測記録!$G$5:$G$104,"<>") -> 1 | E12: =IFERROR(AVERAGEIFS(計測記録!$I$5:$I$104,計測記録!$D$5:$D$104,$A12,計測記録!$F$5:$F$104,"なし"),0) -> 4 | F12: =IFERROR(AVERAGEIFS(計測記録!$I$5:$I$104,計測記録!$D$5:$D$104,$A12,計測記録!$F$5:$F$104,"あり"),0) -> 3 | G12: =IF(M12=1,E12-F12,"") -> 1 | H12: =IF(AND(M12=1,E12>0),G12/E12,"") -> 0.25 | I12: =IFERROR(AVERAGEIFS(計測記録!$K$5:$K$104,計測記録!$D$5:$D$104,$A12,計測記録!$F$5:$F$104,"なし"),0) -> 1 | J12: =IFERROR(AVERAGEIFS(計測記録!$K$5:$K$104,計測記録!$D$5:$D$104,$A12,計測記録!$F$5:$F$104,"あり"),0) -> 1 | K12: =SUMIFS(計測記録!$L$5:$L$104,計測記録!$D$5:$D$104,$A12,計測記録!$F$5:$F$104,"なし") -> 0 | L12: =SUMIFS(計測記録!$L$5:$L$104,計測記録!$D$5:$D$104,$A12,計測記録!$F$5:$F$104,"あり") -> 0 | M12: =IF(AND(C12>0,D12>0),1,0) -> 1
A13: 全体 | C13: =SUM(C5:C12) -> 10 | D13: =SUM(D5:D12) -> 10 | E13: =SUMIFS(E5:E12,M5:M12,1) -> 33.4 | F13: =SUMIFS(F5:F12,M5:M12,1) -> 24.9 | G13: =E13-F13 -> 8.5 | H13: =IF(E13>0,G13/E13,"") -> 0.25449102 | I13: =IFERROR(AVERAGEIFS(計測記録!$K$5:$K$104,計測記録!$F$5:$F$104,"なし"),0) -> 1.3 | J13: =IFERROR(AVERAGEIFS(計測記録!$K$5:$K$104,計測記録!$F$5:$F$104,"あり"),0) -> 1.4 | K13: =SUM(K5:K12) -> 1 | L13: =SUM(L5:L12) -> 1 | M13: =SUM(M5:M12) -> 8
A15: 平均提案採用率（ありのみ） | E15: =IFERROR(AVERAGEIFS(計測記録!$J$5:$J$104,計測記録!$F$5:$F$104,"あり"),0) -> 0.38
A16: ※ 採用率が高くても手戻りが多ければ効果は相殺されるため、実効時間と指摘数をあわせて評価すること。

Sheet アンケート
A1: 開発者アンケート（定性評価）
A2: 5段階評価：5=とてもそう思う … 1=まったくそう思わない。逆転項目は低いほど良い評価。記入例（ダミー）入り。
A4: No | B4: 設問 | C4: 逆転項目 | D4: 回答者1 | E4: 回答者2 | F4: 回答者3 | G4: 回答者4 | H4: 回答者5 | I4: 平均
A5: 1 | B5: 定型コード（DTO・マッパー等）の作成が速くなった | D5: 5 | E5: 5 | F5: 4 | I5: =IFERROR(AVERAGE(D5:H5),"") -> 4.6666667
A6: 2 | B6: 単体テスト作成の負担が減った | D6: 5 | E6: 4 | F6: 5 | I6: =IFERROR(AVERAGE(D6:H6),"") -> 4.6666667
A7: 3 | B7: 既存コード（JBPOS1000）の理解が早くなった | D7: 4 | E7: 4 | F7: 4 | I7: =IFERROR(AVERAGE(D7:H7),"") -> 4
A8: 4 | B8: 提案コードの品質は信頼できる | D8: 3 | E8: 3 | F8: 4 | I8: =IFERROR(AVERAGE(D8:H8),"") -> 3.3333333
A9: 5 | B9: 提案の確認・修正に時間がかかる | C9: ○ | D9: 3 | E9: 2 | F9: 3 | I9: =IFERROR(AVERAGE(D9:H9),"") -> 2.6666667
A10: 6 | B10: 作業への集中を妨げられなかった | D10: 4 | E10: 3 | F10: 4 | I10: =IFERROR(AVERAGE(D10:H10),"") -> 3.6666667
A11: 7 | B11: 今後も業務で利用したい | D11: 5 | E11: 4 | F11: 5 | I11: =IFERROR(AVERAGE(D11:H11),"") -> 4.6666667
A12: 8 | B12: 他のメンバーにも勧めたい | D12: 4 | E12: 4 | F12: 5 | I12: =IFERROR(AVERAGE(D12:H12),"") -> 4.3333333
A14: 自由記述（効果があった場面・困った点・改善要望）
A15: 回答者 | B15: 内容
A16: 回答者1 | B16: MyBatisのresultMapやDTO作成は大幅に短縮できた。業務固有の計算ロジックは提案精度が低い。
A17: 回答者2 | B17: リファクタリングは提案をそのまま使えず、確認に時間がかかった。
A18: 回答者3 | B18: テストケースの観点漏れに気づけた。社内フレームワーク固有の書き方は学習が必要。

Sheet 費用対効果
A1: 費用対効果の試算
A2: 黄色セルを自組織の条件に合わせて変更してください。削減率は集計シートの実測値を参照します。
A4: 項目 | B4: 値 | C4: 単位 | D4: 根拠・備考
A5: 展開対象の開発者数 | B5: 20 | C5: 人 | D5: 展開を想定する人数
A6: 1人あたり月間の開発・保守作業時間 | B6: 100 | C6: h/月 | D6: 会議・運用作業等を除いた実作業時間の想定
A7: Copilotを適用できる作業の比率 | B7: 0.5 | D7: コーディング・テスト・解析等の比率の想定
A8: 検証で得られた削減率 | B8: =集計!H13 -> 0.25449102 | D8: 集計シートの全体削減率（実測）
A9: 保守的補正係数 | B9: 0.5 | D9: 検証タスクは効果が出やすいものを選定しているため、実業務では割り引いて見積もる
A10: 時間単価 | B10: 8000 | C10: 円/h | D10: 社内標準単価または委託単価
A11: ライセンス費 | B11: 19 | C11: USD/人/月 | D11: Copilot Businessを想定。契約プラン・最新価格を要確認
A12: 為替レート | B12: 150 | C12: 円/USD | D12: 試算用の想定レート
A13: 初期導入・教育コスト（一時費用） | B13: 1000000 | C13: 円 | D13: 環境整備、利用ガイドライン作成、研修等
A15: 試算結果
A16: 項目 | B16: 値 | C16: 単位 | D16: 計算式
A17: 月間削減時間 | B17: =B5*B6*B7*B8*B9 -> 127.24551 | C17: h/月 | D17: 人数×作業時間×適用比率×削減率×補正係数
A18: 月間削減効果 | B18: =B17*B10 -> 1017964.1 | C18: 円/月 | D18: 月間削減時間×時間単価
A19: 月間ライセンス費 | B19: =B5*B11*B12 -> 57000 | C19: 円/月 | D19: 人数×ライセンス費×為替
A20: 月間純効果 | B20: =B18-B19 -> 960964.07 | C20: 円/月 | D20: 削減効果−ライセンス費
A21: 年間純効果（初期費用控除後） | B21: =B20*12-B13 -> 10531569 | C21: 円/年 | D21: 月間純効果×12−初期費用
A22: 投資回収期間 | B22: =IF(B20<=0,"回収不可",B13/B20) -> 1.0406216 | C22: か月 | D22: 初期費用÷月間純効果
A23: 初年度ROI | B23: =IF((B19*12+B13)>0,B21/(B19*12+B13),0) -> 6.2539007 | D23: 年間純効果÷（年間ライセンス費＋初期費用）
A25: ※ 削減時間は「空いた時間を他の作業に充てられる」ことを前提とした理論値。実際の効果は品質向上・属人化解消など金額換算しにくい効果も含めて説明すること。

Sheet セキュリティ確認
A1: セキュリティ・コンプライアンス確認チェックリスト
A2: 状況はプルダウンで選択。確認結果・根拠資料を備考に記載。記入例（ダミー）入り。
A4: No | B4: 分類 | C4: 確認項目 | D4: 確認観点 | E4: 状況 | F4: 担当部署 | G4: 備考・根拠
A5: 1 | B5: ネットワーク | C5: 閉域網からの接続可否 | D5: 業務端末からGitHubへの通信経路（プロキシ・FW許可ドメイン）が社内規程上許容されるか | E5: 確認中 | F5: インフラ
A6: 2 | B6: データ | C6: 送信されるデータの範囲 | D6: エディタ上のコード・周辺ファイルがどこまで送信されるか、保存期間はどうか | E6: 確認済 | F6: 情報セキュリティ
A7: 3 | B7: データ | C7: 学習への利用有無 | D7: 契約プランで入力コードがモデル学習に利用されない条件か | E7: 確認済 | F7: 情報セキュリティ
A8: 4 | B8: データ | C8: 機密ファイルの除外 | D8: 接続情報・顧客データ等を含むファイルをCopilotの対象から除外できるか | E8: 確認済 | F8: 開発
A9: 5 | B9: データ | C9: プロンプトへの機密情報入力禁止 | D9: 顧客情報・口座情報・本番データをチャットに入力しないルールがあるか | E9: 確認済 | F9: 開発
A10: 6 | B10: 知的財産 | C10: 公開コードとの一致 | D10: 公開コードと一致する提案をブロックする設定を有効化しているか | E10: 確認済 | F10: 開発
A11: 7 | B11: 品質 | C11: 生成コードのレビュー | D11: Copilot生成コードも通常と同じレビュー・テストを必須とするか | E11: 確認済 | F11: 開発
A12: 8 | B12: アカウント | C12: アカウント・権限管理 | D12: 組織アカウントでの一元管理、退職・異動時の権限削除手順があるか | E12: 確認中 | F12: 情報システム
A13: 9 | B13: 監査 | C13: 利用ログ・監査 | D13: 利用状況・監査ログを取得・保管できるか | E13: 未確認 | F13: 監査
A14: 10 | B14: 規程 | C14: 社内規程・外部基準との整合 | D14: 社内の生成AI利用規程、FISC安全対策基準等との整合を確認したか | E14: 未確認 | F14: リスク管理
C16: 確認済件数 | E16: =COUNTIF(E5:E14,"確認済") -> 6
C17: 対象件数（対象外を除く） | E17: =COUNTA(E5:E14)-COUNTIF(E5:E14,"対象外") -> 10
C18: 確認完了率 | E18: =IF(E17>0,E16/E17,0) -> 0.6

Sheet 評価・結論
A1: 評価・結論
A2: 目標値（黄色）は検証開始前に関係者と合意しておくこと。実績は各シートから自動参照。
A4: 評価指標 | B4: 目標値 | C4: 条件 | D4: 実績 | E4: 判定 | F4: 説明
A5: 全体削減率 | B5: 0.2 | C5: 以上 | D5: =集計!H13 -> 0.25449102 | E5: =IF(D5="","-",IF(C5="以上",IF(D5>=B5,"達成","未達"),IF(D5<=B5,"達成","未達"))) -> 達成 | F5: 比較可能なタスクの平均実効時間ベース
A6: レビュー指摘数の比率（あり÷なし） | B6: 1.1 | C6: 以下 | D6: =IF(集計!I13>0,集計!J13/集計!I13,"") -> 1.0769231 | E6: =IF(D6="","-",IF(C6="以上",IF(D6>=B6,"達成","未達"),IF(D6<=B6,"達成","未達"))) -> 達成 | F6: 品質が悪化していないことの確認
A7: 後工程バグ数の差（あり−なし） | B7: 0 | C7: 以下 | D7: =集計!L13-集計!K13 -> 0 | E7: =IF(D7="","-",IF(C7="以上",IF(D7>=B7,"達成","未達"),IF(D7<=B7,"達成","未達"))) -> 達成 | F7: Copilot利用でバグが増えていないこと
A8: アンケート「今後も利用したい」平均 | B8: 4 | C8: 以上 | D8: =アンケート!I11 -> 4.6666667 | E8: =IF(D8="","-",IF(C8="以上",IF(D8>=B8,"達成","未達"),IF(D8<=B8,"達成","未達"))) -> 達成 | F8: 開発者の受容性
A9: セキュリティ確認完了率 | B9: 1 | C9: 以上 | D9: =セキュリティ確認!E18 -> 0.6 | E9: =IF(D9="","-",IF(C9="以上",IF(D9>=B9,"達成","未達"),IF(D9<=B9,"達成","未達"))) -> 未達 | F9: 導入の前提条件
A11: 総合判定 | B11: =IF(COUNTIF(E5:E9,"達成")=5,"本格展開を推奨",IF(E9="未達","効果は確認できたが、セキュリティ確認完了を条件に対象拡大",IF(COUNTIF(E5:E9,"達成")>=3,"条件付きで対象拡大","継続検証（対象タスク・使い方を見直し）"))) -> 効果は確認できたが、セキュリティ確認完了を条件に対象拡大
A13: 考察（記入欄）
A14: 効果が大きかった作業：（例）MyBatisマッパー・DTO作成、単体テスト作成、既存コード解析
A15: 効果が小さかった作業：（例）障害調査、業務固有ロジックのリファクタリング
A16: 品質面の所見：（例）指摘数は同等。リファクタリングで手戻りが増加 → 利用ガイドラインで注意喚起
A17: 課題・リスク：（例）閉域網からの接続方式、監査ログ取得方法が未確定
A19: 次のステップ（段階的展開案）
A20: フェーズ | B20: 期間（目安） | D20: 対象 | E20: 実施内容
A21: Phase 1：パイロット（本検証） | B21: 1か月 | D21: 本チーム3名 | E21: 効果測定・セキュリティ確認
A22: Phase 2：対象拡大 | B22: 3か月 | D22: バッチ開発チーム全体 | E22: 利用ガイドライン整備、効果の継続測定
A23: Phase 3：全社展開 | B23: 6か月〜 | D23: 開発部門全体 | E23: 研修実施、利用状況の定期モニタリング
